<?xml version="1.0" encoding="UTF-8" ?>
<Project>
    <ProjectInfo gkxmlVersion="1.2">
        <Title>hzl</Title>
    </ProjectInfo>
    <Building sourceType="GPL" northAxis="0.000000">
        <EarthReferenceSystem type="WGS84">
            <altitudeMode>relativeToGround</altitudeMode>
            <Location>
                <longitude>30</longitude>
                <latitude>119</latitude>
                <altitude>0</altitude>
            </Location>
            <Orientation>
                <heading>0</heading>
                <tilt>0.0</tilt>
                <roll>0.0</roll>
            </Orientation>
        </EarthReferenceSystem>
        <ExportOptions>
            <Item name="floorMerge" value="false" />
            <Item name="wallMerge" value="true">
                <MergeObjectTypes>WALL,CEILING,COLUMN,SLAB,SPACE,DOOR,WINDOW,STAIR,ELEVATOR,FACILITY</MergeObjectTypes>
            </Item>
        </ExportOptions>
        <Unit>centimeter</Unit>
        <DefaultBuilding>false</DefaultBuilding>
        <DefaultFloor>0</DefaultFloor>
        <Floors>
            <Floor id="0" name="B2" baseFloor="-2" groupID="0" isMain="True">
                <FileSource name=".\hzl_B2_0.sbm" type="SBM" />
                <BoundingBox minimum="-7060.114258, -768.539978, -5273.751465" maximum="11032.980469, 5248.873535, 5273.759277" />
            </Floor>
            <Floor id="1" name="B1" baseFloor="-1" groupID="1" isMain="True">
                <FileSource name=".\hzl_B1_1.sbm" type="SBM" />
                <BoundingBox minimum="-2777.942871, -384.739990, -8420.286133" maximum="9014.584961, 5248.873535, 10074.885742" />
            </Floor>
            <Floor id="2" name="1F" baseFloor="1" groupID="2" isMain="True">
                <FileSource name=".\hzl_1F_2.sbm" type="SBM" />
                <BoundingBox minimum="-17147.332031, -373.314453, -11304.468750" maximum="7453.456055, 5248.873535, 7025.465332" />
            </Floor>
            <Floor id="3" name="2F" baseFloor="2" groupID="3" isMain="True">
                <FileSource name=".\hzl_2F_3.sbm" type="SBM" />
                <BoundingBox minimum="-16865.585938, -19.000000, -11077.624023" maximum="3797.829590, 1919.000000, 918.000061" />
            </Floor>
        </Floors>
        <SpaceInfo>
            <Floor id="0" name="B2" longname="590205021" baseFloor="-2" level="-760.000000" />
            <Floor id="1" name="B1" longname="118120234" baseFloor="-1" level="-380.000000" />
            <Floor id="2" name="1F" longname="480630405" baseFloor="1" level="2.000000" />
            <Floor id="3" name="2F" longname="1995572790" baseFloor="2" level="382.000000" />
        </SpaceInfo>
        <ObjectHierarchy>
            <Entity id="0" name="B2" type="Floor" longname="590205021">
                <Entity id="34" name="MERGED_0_Escalator/01-Default_0" longname="" type="MERGED" visible="True" />
                <Entity id="35" name="MERGED_0_Escalator/Material#30654_0" longname="" type="MERGED" visible="True" />
                <Entity id="14" name="MERGED_0_LIBENT10_0" longname="" type="MERGED" visible="True" />
                <Entity id="17" name="MERGED_0_LIBENT12_0" longname="" type="MERGED" visible="True" />
                <Entity id="26" name="MERGED_0_LIBENT15_0" longname="" type="MERGED" visible="True" />
                <Entity id="6" name="MERGED_0_LIBENT17_0" longname="" type="MERGED" visible="True" />
                <Entity id="11" name="MERGED_0_LIBENT1_0" longname="" type="MERGED" visible="True" />
                <Entity id="28" name="MERGED_0_LIBENT20_0" longname="" type="MERGED" visible="True" />
                <Entity id="27" name="MERGED_0_LIBENT21_0" longname="" type="MERGED" visible="True" />
                <Entity id="21" name="MERGED_0_LIBENT22_0" longname="" type="MERGED" visible="True" />
                <Entity id="24" name="MERGED_0_LIBENT23_0" longname="" type="MERGED" visible="True" />
                <Entity id="10" name="MERGED_0_LIBENT24_0" longname="" type="MERGED" visible="True" />
                <Entity id="22" name="MERGED_0_LIBENT29_0" longname="" type="MERGED" visible="True" />
                <Entity id="8" name="MERGED_0_LIBENT2_0" longname="" type="MERGED" visible="True" />
                <Entity id="25" name="MERGED_0_LIBENT30_0" longname="" type="MERGED" visible="True" />
                <Entity id="4" name="MERGED_0_LIBENT34_0" longname="" type="MERGED" visible="True" />
                <Entity id="9" name="MERGED_0_LIBENT35_0" longname="" type="MERGED" visible="True" />
                <Entity id="7" name="MERGED_0_LIBENT3_0" longname="" type="MERGED" visible="True" />
                <Entity id="12" name="MERGED_0_LIBENT40_0" longname="" type="MERGED" visible="True" />
                <Entity id="5" name="MERGED_0_LIBENT47_0" longname="" type="MERGED" visible="True" />
                <Entity id="13" name="MERGED_0_LIBENT54_0" longname="" type="MERGED" visible="True" />
                <Entity id="15" name="MERGED_0_LIBENT65_0" longname="" type="MERGED" visible="True" />
                <Entity id="23" name="MERGED_0_LIBENT67_0" longname="" type="MERGED" visible="True" />
                <Entity id="29" name="MERGED_0_LIBENT70_0" longname="" type="MERGED" visible="True" />
                <Entity id="20" name="MERGED_0_LIBENT71_0" longname="" type="MERGED" visible="True" />
                <Entity id="16" name="MERGED_0_LIBENT73_0" longname="" type="MERGED" visible="True" />
                <Entity id="19" name="MERGED_0_LIBENT7_0" longname="" type="MERGED" visible="True" />
                <Entity id="18" name="MERGED_0_LIBENT9_0" longname="" type="MERGED" visible="True" />
                <Entity id="32" name="MERGED_0_PDP_004/Material#47_0" longname="" type="MERGED" visible="True" />
                <Entity id="33" name="MERGED_0_PDP_004/Material#47_1" longname="" type="MERGED" visible="True" />
                <Entity id="30" name="MERGED_0_wroughtbench/wroughtbench11_0" longname="" type="MERGED" visible="True" />
                <Entity id="31" name="MERGED_0_wroughtbench/wroughtbench12_0" longname="" type="MERGED" visible="True" />
            </Entity>
            <Entity id="1" name="B1" type="Floor" longname="118120234">
                <Entity id="28" name="MERGED_1_Escalator/01-Default_0" longname="" type="MERGED" visible="True" />
                <Entity id="29" name="MERGED_1_Escalator/Material#30654_0" longname="" type="MERGED" visible="True" />
                <Entity id="6" name="MERGED_1_LIBENT17_0" longname="" type="MERGED" visible="True" />
                <Entity id="18" name="MERGED_1_LIBENT21_0" longname="" type="MERGED" visible="True" />
                <Entity id="19" name="MERGED_1_LIBENT22_0" longname="" type="MERGED" visible="True" />
                <Entity id="16" name="MERGED_1_LIBENT23_0" longname="" type="MERGED" visible="True" />
                <Entity id="22" name="MERGED_1_LIBENT27_0" longname="" type="MERGED" visible="True" />
                <Entity id="4" name="MERGED_1_LIBENT2_0" longname="" type="MERGED" visible="True" />
                <Entity id="7" name="MERGED_1_LIBENT34_0" longname="" type="MERGED" visible="True" />
                <Entity id="9" name="MERGED_1_LIBENT35_0" longname="" type="MERGED" visible="True" />
                <Entity id="10" name="MERGED_1_LIBENT36_0" longname="" type="MERGED" visible="True" />
                <Entity id="13" name="MERGED_1_LIBENT37_0" longname="" type="MERGED" visible="True" />
                <Entity id="8" name="MERGED_1_LIBENT38_0" longname="" type="MERGED" visible="True" />
                <Entity id="12" name="MERGED_1_LIBENT40_0" longname="" type="MERGED" visible="True" />
                <Entity id="11" name="MERGED_1_LIBENT41_0" longname="" type="MERGED" visible="True" />
                <Entity id="15" name="MERGED_1_LIBENT42_0" longname="" type="MERGED" visible="True" />
                <Entity id="5" name="MERGED_1_LIBENT46_0" longname="" type="MERGED" visible="True" />
                <Entity id="14" name="MERGED_1_LIBENT54_0" longname="" type="MERGED" visible="True" />
                <Entity id="17" name="MERGED_1_LIBENT67_0" longname="" type="MERGED" visible="True" />
                <Entity id="21" name="MERGED_1_LIBENT70_0" longname="" type="MERGED" visible="True" />
                <Entity id="20" name="MERGED_1_LIBENT7_0" longname="" type="MERGED" visible="True" />
                <Entity id="23" name="MERGED_1_PDP_004/Material#47_0" longname="" type="MERGED" visible="True" />
                <Entity id="24" name="MERGED_1_PDP_004/Material#47_1" longname="" type="MERGED" visible="True" />
                <Entity id="25" name="MERGED_1_PDP_004/Material#48_0" longname="" type="MERGED" visible="True" />
                <Entity id="26" name="MERGED_1_wroughtbench/wroughtbench11_0" longname="" type="MERGED" visible="True" />
                <Entity id="27" name="MERGED_1_wroughtbench/wroughtbench12_0" longname="" type="MERGED" visible="True" />
            </Entity>
            <Entity id="2" name="1F" type="Floor" longname="480630405">
                <Entity id="45" name="MERGED_2_BlockWh/BlockWh_0" longname="" type="MERGED" visible="True" />
                <Entity id="55" name="MERGED_2_Cabinet01/Cabinet01_0" longname="" type="MERGED" visible="True" />
                <Entity id="63" name="MERGED_2_ChairP/ChairP_0" longname="" type="MERGED" visible="True" />
                <Entity id="46" name="MERGED_2_Escalator/01-Default_0" longname="" type="MERGED" visible="True" />
                <Entity id="47" name="MERGED_2_Escalator/Material#30654_0" longname="" type="MERGED" visible="True" />
                <Entity id="67" name="MERGED_2_InforC/InforC_0" longname="" type="MERGED" visible="True" />
                <Entity id="62" name="MERGED_2_InforR/InforR_0" longname="" type="MERGED" visible="True" />
                <Entity id="28" name="MERGED_2_LIBENT0_0" longname="" type="MERGED" visible="True" />
                <Entity id="23" name="MERGED_2_LIBENT10_0" longname="" type="MERGED" visible="True" />
                <Entity id="29" name="MERGED_2_LIBENT12_0" longname="" type="MERGED" visible="True" />
                <Entity id="11" name="MERGED_2_LIBENT17_0" longname="" type="MERGED" visible="True" />
                <Entity id="12" name="MERGED_2_LIBENT19_0" longname="" type="MERGED" visible="True" />
                <Entity id="13" name="MERGED_2_LIBENT1_0" longname="" type="MERGED" visible="True" />
                <Entity id="10" name="MERGED_2_LIBENT20_0" longname="" type="MERGED" visible="True" />
                <Entity id="34" name="MERGED_2_LIBENT21_0" longname="" type="MERGED" visible="True" />
                <Entity id="31" name="MERGED_2_LIBENT22_0" longname="" type="MERGED" visible="True" />
                <Entity id="32" name="MERGED_2_LIBENT23_0" longname="" type="MERGED" visible="True" />
                <Entity id="18" name="MERGED_2_LIBENT24_0" longname="" type="MERGED" visible="True" />
                <Entity id="30" name="MERGED_2_LIBENT28_0" longname="" type="MERGED" visible="True" />
                <Entity id="38" name="MERGED_2_LIBENT29_0" longname="" type="MERGED" visible="True" />
                <Entity id="8" name="MERGED_2_LIBENT2_0" longname="" type="MERGED" visible="True" />
                <Entity id="4" name="MERGED_2_LIBENT34_0" longname="" type="MERGED" visible="True" />
                <Entity id="9" name="MERGED_2_LIBENT38_0" longname="" type="MERGED" visible="True" />
                <Entity id="17" name="MERGED_2_LIBENT39_0" longname="" type="MERGED" visible="True" />
                <Entity id="14" name="MERGED_2_LIBENT3_0" longname="" type="MERGED" visible="True" />
                <Entity id="15" name="MERGED_2_LIBENT3_1" longname="" type="MERGED" visible="True" />
                <Entity id="24" name="MERGED_2_LIBENT42_0" longname="" type="MERGED" visible="True" />
                <Entity id="6" name="MERGED_2_LIBENT46_0" longname="" type="MERGED" visible="True" />
                <Entity id="42" name="MERGED_2_LIBENT49_0" longname="" type="MERGED" visible="True" />
                <Entity id="7" name="MERGED_2_LIBENT4_0" longname="" type="MERGED" visible="True" />
                <Entity id="43" name="MERGED_2_LIBENT50_0" longname="" type="MERGED" visible="True" />
                <Entity id="40" name="MERGED_2_LIBENT51_0" longname="" type="MERGED" visible="True" />
                <Entity id="39" name="MERGED_2_LIBENT52_0" longname="" type="MERGED" visible="True" />
                <Entity id="44" name="MERGED_2_LIBENT53_0" longname="" type="MERGED" visible="True" />
                <Entity id="22" name="MERGED_2_LIBENT54_0" longname="" type="MERGED" visible="True" />
                <Entity id="36" name="MERGED_2_LIBENT55_0" longname="" type="MERGED" visible="True" />
                <Entity id="21" name="MERGED_2_LIBENT56_0" longname="" type="MERGED" visible="True" />
                <Entity id="5" name="MERGED_2_LIBENT57_0" longname="" type="MERGED" visible="True" />
                <Entity id="41" name="MERGED_2_LIBENT58_0" longname="" type="MERGED" visible="True" />
                <Entity id="19" name="MERGED_2_LIBENT59_0" longname="" type="MERGED" visible="True" />
                <Entity id="20" name="MERGED_2_LIBENT60_0" longname="" type="MERGED" visible="True" />
                <Entity id="37" name="MERGED_2_LIBENT61_0" longname="" type="MERGED" visible="True" />
                <Entity id="25" name="MERGED_2_LIBENT62_0" longname="" type="MERGED" visible="True" />
                <Entity id="27" name="MERGED_2_LIBENT63_0" longname="" type="MERGED" visible="True" />
                <Entity id="35" name="MERGED_2_LIBENT67_0" longname="" type="MERGED" visible="True" />
                <Entity id="33" name="MERGED_2_LIBENT71_0" longname="" type="MERGED" visible="True" />
                <Entity id="26" name="MERGED_2_LIBENT73_0" longname="" type="MERGED" visible="True" />
                <Entity id="16" name="MERGED_2_LIBENT7_0" longname="" type="MERGED" visible="True" />
                <Entity id="52" name="MERGED_2_PDP_004/Material#47_0" longname="" type="MERGED" visible="True" />
                <Entity id="53" name="MERGED_2_PDP_004/Material#47_1" longname="" type="MERGED" visible="True" />
                <Entity id="54" name="MERGED_2_PDP_004/Material#47_2" longname="" type="MERGED" visible="True" />
                <Entity id="48" name="MERGED_2_SBgate01/SBgate01_0" longname="" type="MERGED" visible="True" />
                <Entity id="60" name="MERGED_2_Sofa_h02/Sofa_h0211_0" longname="" type="MERGED" visible="True" />
                <Entity id="61" name="MERGED_2_Sofa_h02/Sofa_h0212_0" longname="" type="MERGED" visible="True" />
                <Entity id="49" name="MERGED_2_Student_chair/Student_chair_01_0" longname="" type="MERGED" visible="True" />
                <Entity id="50" name="MERGED_2_Student_chair/Student_chair_01_1" longname="" type="MERGED" visible="True" />
                <Entity id="51" name="MERGED_2_Student_chair/Student_chair_02_0" longname="" type="MERGED" visible="True" />
                <Entity id="64" name="MERGED_2_TicketM/TicketM_0" longname="" type="MERGED" visible="True" />
                <Entity id="59" name="MERGED_2_VendM/VendM_0" longname="" type="MERGED" visible="True" />
                <Entity id="66" name="MERGED_2_cctv_t05cctv_t05_0" longname="" type="MERGED" visible="True" />
                <Entity id="65" name="MERGED_2_kids_sofa1/kids_sofa111_0" longname="" type="MERGED" visible="True" />
                <Entity id="56" name="MERGED_2_wroughtbench/wroughtbench11_0" longname="" type="MERGED" visible="True" />
                <Entity id="57" name="MERGED_2_wroughtbench/wroughtbench12_0" longname="" type="MERGED" visible="True" />
                <Entity id="58" name="MERGED_2_wroughtbench/wroughtbench12_1" longname="" type="MERGED" visible="True" />
            </Entity>
            <Entity id="3" name="2F" type="Floor" longname="1995572790">
                <Entity id="18" name="MERGED_3_LIBENT0_0" longname="" type="MERGED" visible="True" />
                <Entity id="16" name="MERGED_3_LIBENT10_0" longname="" type="MERGED" visible="True" />
                <Entity id="21" name="MERGED_3_LIBENT15_0" longname="" type="MERGED" visible="True" />
                <Entity id="5" name="MERGED_3_LIBENT17_0" longname="" type="MERGED" visible="True" />
                <Entity id="6" name="MERGED_3_LIBENT19_0" longname="" type="MERGED" visible="True" />
                <Entity id="11" name="MERGED_3_LIBENT1_0" longname="" type="MERGED" visible="True" />
                <Entity id="28" name="MERGED_3_LIBENT20_0" longname="" type="MERGED" visible="True" />
                <Entity id="24" name="MERGED_3_LIBENT21_0" longname="" type="MERGED" visible="True" />
                <Entity id="8" name="MERGED_3_LIBENT2_0" longname="" type="MERGED" visible="True" />
                <Entity id="10" name="MERGED_3_LIBENT34_0" longname="" type="MERGED" visible="True" />
                <Entity id="13" name="MERGED_3_LIBENT37_0" longname="" type="MERGED" visible="True" />
                <Entity id="4" name="MERGED_3_LIBENT38_0" longname="" type="MERGED" visible="True" />
                <Entity id="14" name="MERGED_3_LIBENT39_0" longname="" type="MERGED" visible="True" />
                <Entity id="12" name="MERGED_3_LIBENT3_0" longname="" type="MERGED" visible="True" />
                <Entity id="7" name="MERGED_3_LIBENT46_0" longname="" type="MERGED" visible="True" />
                <Entity id="19" name="MERGED_3_LIBENT48_0" longname="" type="MERGED" visible="True" />
                <Entity id="25" name="MERGED_3_LIBENT49_0" longname="" type="MERGED" visible="True" />
                <Entity id="22" name="MERGED_3_LIBENT50_0" longname="" type="MERGED" visible="True" />
                <Entity id="27" name="MERGED_3_LIBENT51_0" longname="" type="MERGED" visible="True" />
                <Entity id="23" name="MERGED_3_LIBENT52_0" longname="" type="MERGED" visible="True" />
                <Entity id="29" name="MERGED_3_LIBENT53_0" longname="" type="MERGED" visible="True" />
                <Entity id="15" name="MERGED_3_LIBENT54_0" longname="" type="MERGED" visible="True" />
                <Entity id="17" name="MERGED_3_LIBENT62_0" longname="" type="MERGED" visible="True" />
                <Entity id="9" name="MERGED_3_LIBENT64_0" longname="" type="MERGED" visible="True" />
                <Entity id="26" name="MERGED_3_LIBENT67_0" longname="" type="MERGED" visible="True" />
                <Entity id="20" name="MERGED_3_LIBENT7_0" longname="" type="MERGED" visible="True" />
                <Entity id="30" name="MERGED_3_SBgate01/SBgate01_0" longname="" type="MERGED" visible="True" />
                <Entity id="31" name="MERGED_3_VendM/VendM_0" longname="" type="MERGED" visible="True" />
                <Entity id="32" name="MERGED_3_wroughtbench/wroughtbench11_0" longname="" type="MERGED" visible="True" />
                <Entity id="33" name="MERGED_3_wroughtbench/wroughtbench12_0" longname="" type="MERGED" visible="True" />
            </Entity>
        </ObjectHierarchy>
    </Building>
</Project>
